catch_area_code,regulation_type_code,start_datetime,end_datetime
13,NS,5/1/2003,5/31/2003
11,NS,6/1/2003,12/31/2003
5,MSF,7/1/2003,9/30/2003
6,MSF,7/1/2003,9/30/2003
7,NS,7/1/2003,7/31/2003
10,NS,7/1/2003,11/30/2003
12,NS,7/1/2003,12/31/2003
13,MSF,7/1/2003,10/31/2003
9,NS,7/16/2003,11/30/2003
7,MSF,8/1/2003,9/30/2003
81,NS,8/1/2003,11/30/2003
82,NS,8/1/2003,11/30/2003
7,NS,10/1/2003,11/30/2003
5,NS,11/1/2003,11/30/2003
6,NS,11/1/2003,11/30/2003
13,NS,11/1/2003,4/30/2004
10,NS,12/16/2003,2/29/2004
7,NS,2/1/2004,3/31/2004
9,NS,2/1/2004,4/15/2004
81,NS,2/1/2004,3/31/2004
5,NS,2/14/2004,4/10/2004
6,NS,2/14/2004,4/10/2004
11,NS,2/14/2004,4/10/2004
12,NS,2/14/2004,4/10/2004
82,NS,2/14/2004,4/10/2004
11,NS,6/16/2004,12/31/2004
13,NS,6/16/2004,6/30/2004
5,MSF,7/1/2004,9/30/2004
6,MSF,7/1/2004,9/30/2004
7,NS,7/1/2004,7/31/2004
10,NS,7/1/2004,11/30/2004
12,NS,7/1/2004,12/31/2004
13,MSF,7/1/2004,10/31/2004
9,NS,7/16/2004,11/30/2004
7,MSF,8/1/2004,9/30/2004
81,NS,8/1/2004,11/30/2004
82,NS,8/1/2004,11/30/2004
7,NS,10/1/2004,11/30/2004
5,NS,11/1/2004,11/30/2004
6,NS,11/1/2004,11/30/2004
13,NS,11/1/2004,4/30/2005
10,NS,12/16/2004,2/28/2005
7,NS,2/1/2005,3/31/2005
9,NS,2/1/2005,4/15/2005
81,NS,2/1/2005,3/31/2005
5,NS,2/16/2005,4/10/2005
6,NS,2/16/2005,4/10/2005
11,NS,2/16/2005,4/10/2005
12,NS,2/16/2005,4/10/2005
82,NS,2/16/2005,4/10/2005
13,NS,5/1/2005,5/31/2005
11,NS,6/1/2005,12/31/2005
5,MSF,7/1/2005,9/30/2005
6,MSF,7/1/2005,9/30/2005
7,NS,7/1/2005,7/31/2005
10,NS,7/1/2005,11/30/2005
12,NS,7/1/2005,12/31/2005
13,MSF,7/1/2005,10/31/2005
7,MSF,8/1/2005,9/30/2005
9,NS,8/1/2005,11/30/2005
81,NS,8/1/2005,4/30/2006
82,NS,8/1/2005,4/30/2006
7,NS,10/1/2005,11/30/2005
5,NS,11/1/2005,11/30/2005
6,NS,11/1/2005,11/30/2005
13,NS,11/1/2005,4/30/2006
10,NS,12/1/2005,1/1/2006
7,NS,2/1/2006,3/31/2006
9,NS,2/1/2006,4/15/2006
5,NS,2/16/2006,4/10/2006
6,NS,2/16/2006,4/10/2006
11,NS,2/16/2006,4/10/2006
12,NS,2/16/2006,4/10/2006
13,NS,5/1/2006,6/30/2006
11,NS,6/1/2006,12/31/2006
5,MSF,7/1/2006,9/30/2006
6,MSF,7/1/2006,9/30/2006
7,NS,7/1/2006,7/31/2006
10,NS,7/1/2006,1/31/2007
12,NS,7/1/2006,12/31/2006
13,MSF,7/1/2006,10/31/2006
9,NS,7/16/2006,11/30/2006
7,MSF,8/1/2006,9/30/2006
81,NS,8/1/2006,4/30/2007
82,NS,8/1/2006,4/30/2007
6,NS,10/1/2006,10/31/2006
7,NS,10/1/2006,11/30/2006
5,NS,11/1/2006,11/30/2006
13,NS,11/1/2006,1/31/2007
7,NS,2/1/2007,3/31/2007
9,NS,2/1/2007,4/15/2007
5,NS,2/16/2007,4/10/2007
6,NS,2/16/2007,4/10/2007
11,NS,2/16/2007,4/10/2007
12,NS,2/16/2007,4/10/2007
13,NS,3/1/2007,4/30/2007
13,NS,5/1/2007,6/30/2007
11,NS,6/1/2007,12/31/2007
5,MSF,7/1/2007,9/15/2007
6,MSF,7/1/2007,9/30/2007
7,NS,7/1/2007,7/31/2007
10,NS,7/1/2007,1/31/2008
12,NS,7/1/2007,12/31/2007
13,MSF,7/1/2007,10/31/2007
9,NS,7/16/2007,11/30/2007
7,MSF,8/1/2007,9/30/2007
81,NS,8/1/2007,9/30/2007
82,NS,8/1/2007,9/30/2007
5,NS,9/16/2007,9/30/2007
6,NS,10/1/2007,10/31/2007
7,NS,10/1/2007,10/31/2007
5,NS,11/1/2007,11/30/2007
13,NS,11/1/2007,1/31/2008
81,NS,11/1/2007,4/30/2008
82,NS,11/1/2007,4/30/2008
9,NS,1/16/2008,4/15/2008
7,NS,2/1/2008,4/15/2008
5,NS,2/16/2008,4/10/2008
6,NS,2/16/2008,4/10/2008
11,NS,2/16/2008,4/10/2008
12,NS,2/16/2008,4/10/2008
13,NS,3/1/2008,4/30/2008
13,NS,5/1/2008,6/30/2008
11,NS,6/1/2008,12/31/2008
5,MSF,7/1/2008,9/15/2008
6,MSF,7/1/2008,9/30/2008
7,NS,7/1/2008,7/31/2008
10,NS,7/1/2008,1/31/2009
12,NS,7/1/2008,12/31/2008
13,MSF,7/1/2008,10/31/2008
9,MSF,7/16/2008,9/15/2008
7,MSF,8/1/2008,9/30/2008
81,NS,8/1/2008,9/30/2008
82,NS,8/1/2008,9/30/2008
5,NS,9/16/2008,9/30/2008
9,NS,9/16/2008,11/30/2008
6,NS,10/1/2008,10/31/2008
7,NS,10/1/2008,10/31/2008
5,NS,11/1/2008,11/30/2008
13,NS,11/1/2008,1/31/2009
81,NS,1/1/2009,4/30/2009
82,NS,1/1/2009,4/30/2009
9,NS,1/16/2009,4/15/2009
7,NS,2/1/2009,4/15/2009
5,NS,2/14/2009,4/10/2009
6,NS,2/14/2009,4/10/2009
11,NS,2/14/2009,4/10/2009
12,NS,2/14/2009,4/10/2009
13,NS,3/1/2009,4/30/2009
13,NS,5/1/2009,6/30/2009
11,NS,6/1/2009,12/31/2009
5,MSF,7/1/2009,9/18/2009
6,MSF,7/1/2009,9/30/2009
7,NS,7/1/2009,7/31/2009
10,NS,7/1/2009,1/31/2010
12,NS,7/1/2009,12/31/2009
13,MSF,7/1/2009,10/31/2009
9,NS,7/16/2009,11/30/2009
7,MSF,8/1/2009,10/31/2009
81,NS,8/1/2009,9/30/2009
82,NS,8/1/2009,9/30/2009
5,NS,9/19/2009,10/15/2009
6,NS,10/1/2009,10/31/2009
13,NS,11/1/2009,1/31/2010
81,NS,11/1/2009,4/30/2010
82,NS,11/1/2009,4/30/2010
7,NS,12/1/2009,4/30/2010
9,NS,1/16/2010,4/15/2010
11,NS,2/1/2010,4/30/2010
12,NS,2/1/2010,4/30/2010
5,NS,2/13/2010,4/10/2010
6,NS,2/13/2010,4/10/2010
13,NS,3/1/2010,4/30/2010
13,NS,5/1/2010,6/30/2010
11,NS,6/1/2010,12/31/2010
5,MSF,7/1/2010,9/15/2010
6,MSF,7/1/2010,9/30/2010
7,NS,7/1/2010,7/31/2010
10,NS,7/1/2010,1/31/2011
12,NS,7/1/2010,12/31/2010
13,MSF,7/1/2010,10/31/2010
9,NS,7/16/2010,11/30/2010
7,MSF,8/1/2010,9/30/2010
81,NS,8/1/2010,9/30/2010
82,NS,8/1/2010,9/30/2010
5,NS,9/16/2010,9/30/2010
6,NS,10/1/2010,10/31/2010
7,NS,10/1/2010,10/31/2010
5,NS,11/1/2010,11/30/2010
13,NS,11/1/2010,4/30/2011
81,NS,11/1/2010,4/30/2011
82,NS,11/1/2010,4/30/2011
7,NS,12/1/2010,4/30/2011
9,NS,1/16/2011,4/15/2011
11,NS,2/1/2011,4/30/2011
12,NS,2/1/2011,4/30/2011
5,NS,2/16/2011,4/10/2011
6,NS,2/16/2011,4/10/2011
13,NS,5/1/2011,6/30/2011
11,NS,6/1/2011,12/31/2011
5,MSF,7/1/2011,9/18/2011
6,MSF,7/1/2011,9/30/2011
7,NS,7/1/2011,7/31/2011
10,NS,7/1/2011,1/31/2012
12,NS,7/1/2011,12/31/2011
13,MSF,7/1/2011,10/31/2011
9,NS,7/16/2011,11/30/2011
7,MSF,8/1/2011,10/31/2011
81,NS,8/1/2011,4/30/2012
82,NS,8/1/2011,4/30/2012
5,NS,9/19/2011,9/30/2011
6,NS,10/1/2011,10/31/2011
5,NS,11/1/2011,11/30/2011
13,NS,11/1/2011,4/30/2012
7,NS,12/1/2011,4/30/2012
9,NS,1/16/2012,4/15/2012
11,NS,2/1/2012,4/30/2012
12,NS,2/1/2012,4/30/2012
5,NS,2/16/2012,4/10/2012
6,NS,2/16/2012,4/10/2012
13,NS,5/1/2012,6/30/2012
11,NS,6/1/2012,12/31/2012
5,MSF,7/1/2012,9/14/2012
6,MSF,7/1/2012,9/30/2012
7,NS,7/1/2012,7/31/2012
9,NS,7/1/2012,11/30/2012
10,NS,7/1/2012,1/31/2013
12,NS,7/1/2012,12/31/2012
13,MSF,7/1/2012,10/31/2012
7,MSF,8/1/2012,9/30/2012
81,NS,8/1/2012,4/30/2013
82,NS,8/1/2012,4/30/2013
5,NS,9/15/2012,10/31/2012
6,NS,10/1/2012,10/31/2012
7,NS,10/1/2012,10/31/2012
13,NS,11/1/2012,4/30/2013
6,NS,12/1/2012,4/10/2013
7,NS,12/1/2012,4/30/2013
9,NS,1/16/2013,4/15/2013
11,NS,2/1/2013,4/30/2013
12,NS,2/1/2013,4/30/2013
5,NS,2/16/2013,4/10/2013
13,NS,5/1/2013,6/30/2013
11,NS,6/1/2013,12/31/2013
5,MSF,7/1/2013,9/14/2013
6,MSF,7/1/2013,9/30/2013
7,NS,7/1/2013,7/31/2013
9,NS,7/1/2013,11/30/2013
10,NS,7/1/2013,1/31/2014
12,NS,7/1/2013,12/31/2013
13,MSF,7/1/2013,10/31/2013
7,MSF,8/1/2013,10/31/2013
81,NS,8/1/2013,4/30/2014
82,NS,8/1/2013,4/30/2014
5,NS,9/15/2013,10/31/2013
6,NS,10/1/2013,10/31/2013
13,NS,11/1/2013,4/30/2014
6,NS,12/1/2013,4/10/2014
7,NS,12/1/2013,4/30/2014
9,NS,1/16/2014,4/15/2014
11,NS,2/1/2014,4/30/2014
12,NS,2/1/2014,4/30/2014
5,NS,2/16/2014,4/10/2014
13,NS,5/1/2014,6/30/2014
11,NS,6/1/2014,12/31/2014
5,MSF,7/1/2014,9/18/2014
6,MSF,7/1/2014,9/30/2014
7,NS,7/1/2014,7/31/2014
9,NS,7/1/2014,11/30/2014
10,NS,7/1/2014,1/31/2015
12,NS,7/1/2014,12/31/2014
13,MSF,7/1/2014,10/31/2014
7,MSF,8/1/2014,10/31/2014
81,NS,8/1/2014,4/30/2015
82,NS,8/1/2014,4/30/2015
5,NS,9/19/2014,9/25/2014
5,MSF,9/26/2014,10/31/2014
6,NS,10/1/2014,10/31/2014
13,NS,11/1/2014,4/30/2015
6,NS,12/1/2014,4/10/2015
7,NS,12/1/2014,4/30/2015
9,NS,1/16/2015,4/15/2015
11,NS,2/1/2015,4/30/2015
12,NS,2/1/2015,4/30/2015
5,NS,2/16/2015,4/10/2015
11,NS,6/1/2015,12/31/2015
5,MSF,7/1/2015,9/11/2015
6,MSF,7/1/2015,9/30/2015
9,NS,7/1/2015,11/30/2015
10,NS,7/1/2015,10/15/2015
12,NS,7/1/2015,12/31/2015
13,MSF,7/1/2015,9/30/2015
7,MSF,8/1/2015,9/30/2015
81,NS,8/1/2015,11/30/2015
82,NS,8/1/2015,10/31/2015
5,NS,9/12/2015,9/14/2015
5,MSF,9/15/2015,9/18/2015
5,NS,9/19/2015,9/21/2015
5,MSF,9/22/2015,9/25/2015
5,NS,9/26/2015,9/27/2015
5,MSF,9/28/2015,9/30/2015
6,NS,10/1/2015,10/31/2015
7,NS,10/1/2015,10/31/2015
13,MSF,10/1/2015,10/31/2015
82,NS,11/1/2015,4/30/2016
6,NS,12/1/2015,4/10/2016
7,NS,12/1/2015,4/30/2016
10,NS,12/1/2015,1/31/2016
81,NS,12/1/2015,4/30/2016
9,NS,1/16/2016,4/15/2016
11,NS,2/1/2016,4/30/2016
12,NS,2/1/2016,4/30/2016
5,NS,10/1/2015,10/31/2015
5,NS,2/16/2016,4/30/2016
12,NS,7/1/2016,10/31/2016
13,MSF,10/1/2016,10/21/2016
12,NS,11/1/2016,4/30/2017
13,MSF,5/1/2017,9/30/2017
11,NS,6/1/2017,10/31/2017
5,MSF,7/1/2017,8/31/2017
6,MSF,7/1/2017,8/15/2017
12,NS,7/1/2017,11/30/2017
9,MSF,7/16/2017,9/4/2017
10,MSF,7/1/2017,2/28/2018
82,MSF,8/1/2017,9/4/2017
13,MSF,10/1/2017,4/30/2018
11,MSF,11/1/2017,4/30/2018
12,NS,12/1/2017,4/30/2018
13,MSF,5/1/2018,9/30/2018
11,NS,6/1/2018,7/16/2018
5,MSF,7/1/2018,9/30/2018
6,MSF,7/1/2018,9/30/2018
7,NS,7/1/2018,9/30/2018
10,NS,6/1/2018,11/15/2018
12,NS,7/1/2018,10/31/2018
9,MSF,7/16/2018,9/30/2018
11,NS,7/20/2018,7/23/2018
11,NS,7/27/2018,7/30/2018
11,NS,7/31/2018,9/30/2018
81,NS,8/1/2018,9/30/2018
82,NS,8/1/2018,9/23/2018
13,MSF,10/1/2018,4/30/2019
12,NS,11/1/2018,4/30/2019
11,NS,10/1/2018,4/30/2019
10,NS,1/1/2019,3/31/2019
6,MSF,2/1/2019,4/15/2019
5,MSF,2/16/2019,4/30/2019
13,MSF,5/1/2019,9/30/2019
10,NS,6/1/2019,11/15/2019
5,MSF,7/1/2019,9/30/2019
6,MSF,7/1/2019,9/30/2019
7,NS,7/1/2019,7/31/2019
11,NS,7/1/2019,7/3/2019
12,NS,7/1/2019,10/31/2019
11,NS,7/6/2019,7/10/2019
11,NS,7/13/2019,7/17/2019
11,NS,7/20/2019,7/24/2019
9,MSF,7/25/2019,9/30/2019
11,NS,7/27/2019,7/31/2019
81,NS,8/1/2019,10/31/2019
11,NS,8/3/2019,8/7/2019
11,NS,8/10/2019,8/14/2019
82,MSF,8/16/2019,9/15/2019
11,NS,8/17/2019,8/21/2019
11,NS,8/24/2019,8/25/2019
11,NS,8/26/2019,9/30/2019
7,NS,9/1/2019,9/30/2019
13,MSF,10/1/2019,3/24/2020
12,NS,11/1/2019,4/30/2020
10,NS,1/1/2020,3/24/2020
11,NS,1/1/2020,4/30/2020
9,MSF,2/1/2020,3/24/2020
5,MSF,3/1/2020,3/24/2020
6,MSF,3/1/2020,3/24/2020
13,MSF,5/7/2020,9/30/2020
10,NS,6/1/2020,11/15/2020
5,MSF,7/1/2020,9/30/2020
6,MSF,7/1/2020,9/30/2020
7,NS,7/1/2020,9/30/2020
11,NS,7/1/2020,10/31/2020
12,NS,7/1/2020,10/31/2020
9,MSF,7/16/2020,9/30/2020
13,MSF,10/1/2020,4/30/2021
10,NS,1/1/2021,1/18/2021
5,MSF,3/1/2021,4/30/2021
13,MSF,5/1/2021,9/30/2021
10,NS,6/16/2021,10/31/2021
11,NS,6/16/2021,9/30/2021
5,MSF,7/1/2021,9/30/2021
6,MSF,7/1/2021,9/30/2021
7,MSF,7/1/2021,7/7/2021
12,NS,7/1/2021,9/30/2021
9,MSF,7/16/2021,9/30/2021
81,NS,8/1/2021,9/19/2021
82,MSF,8/14/2021,9/19/2021
11,NS,10/1/2021,10/31/2021
12,NS,10/1/2021,11/30/2021
13,MSF,10/1/2021,4/30/2022
10,NS,1/1/2022,1/2/2022
10,NS,1/3/2022,1/3/2022
10,NS,1/8/2022,1/8/2022
10,NS,1/9/2022,1/9/2022
10,NS,1/10/2022,1/10/2022
10,NS,2/24/2022,2/24/2022
10,NS,2/25/2022,2/25/2022
10,NS,2/26/2022,2/26/2022
10,NS,3/3/2022,3/3/2022
10,NS,3/4/2022,3/4/2022
10,NS,3/5/2022,3/5/2022
10,NS,3/10/2022,3/10/2022
10,NS,3/11/2022,3/11/2022
10,NS,3/12/2022,3/12/2022
10,NS,3/16/2022,3/17/2022
10,NS,3/18/2022,3/18/2022
10,NS,3/19/2022,3/19/2022
10,NS,3/20/2022,3/20/2022
10,NS,3/21/2022,3/24/2022
10,NS,3/25/2022,3/25/2022
10,NS,3/26/2022,3/26/2022
10,NS,3/27/2022,3/27/2022
10,NS,3/28/2022,3/31/2022
13,MSF,5/19/2022,8/25/2022
11,NS,6/1/2022,6/2/2022
11,NS,6/3/2022,6/3/2022
10,NS,6/16/2022,10/31/2022
5,MSF,7/1/2022,7/4/2022
6,MSF,7/1/2022,7/23/2022
11,NS,7/1/2022,7/1/2022
12,NS,7/1/2022,9/30/2022
11,NS,7/2/2022,7/2/2022
5,MSF,7/6/2022,7/6/2022
11,NS,7/6/2022,7/7/2022
5,MSF,7/8/2022,7/8/2022
11,NS,7/8/2022,7/8/2022
11,NS,7/9/2022,7/9/2022
5,MSF,7/10/2022,7/10/2022
5,MSF,7/12/2022,7/12/2022
5,MSF,7/14/2022,7/14/2022
7,MSF,7/14/2022,7/16/2022
9,MSF,7/14/2022,7/16/2022
5,MSF,7/16/2022,7/16/2022
5,MSF,7/18/2022,7/18/2022
5,MSF,7/20/2022,7/20/2022
7,MSF,7/21/2022,7/23/2022
9,MSF,7/21/2022,7/23/2022
5,MSF,7/22/2022,7/22/2022
5,MSF,7/24/2022,9/28/2022
6,MSF,7/27/2022,9/28/2022
7,MSF,7/28/2022,7/30/2022
9,MSF,7/28/2022,9/25/2022
81,NS,8/1/2022,9/30/2022
11,NS,8/3/2022,8/4/2022
11,NS,8/5/2022,8/5/2022
11,NS,8/6/2022,8/6/2022
11,NS,8/10/2022,8/11/2022
11,NS,8/12/2022,8/12/2022
11,NS,8/13/2022,8/13/2022
82,MSF,8/13/2022,9/19/2022
7,MSF,8/16/2022,9/30/2022
11,NS,8/17/2022,8/18/2022
11,NS,8/19/2022,8/19/2022
11,NS,8/20/2022,8/20/2022
11,NS,8/21/2022,8/21/2022
11,NS,8/22/2022,8/25/2022
11,NS,8/26/2022,8/26/2022
11,NS,8/27/2022,8/27/2022
11,NS,8/28/2022,8/28/2022
11,NS,8/29/2022,9/1/2022
13,MSF,8/31/2022,9/30/2022
11,NS,9/2/2022,9/2/2022
11,NS,9/3/2022,9/3/2022
11,NS,9/4/2022,9/5/2022
11,NS,9/6/2022,9/8/2022
11,NS,9/9/2022,9/9/2022
11,NS,9/10/2022,9/10/2022
11,NS,9/11/2022,9/11/2022
11,NS,9/12/2022,9/15/2022
11,NS,9/16/2022,9/16/2022
11,NS,9/17/2022,9/17/2022
11,NS,9/18/2022,9/18/2022
11,NS,9/19/2022,9/22/2022
11,NS,9/23/2022,9/23/2022
11,NS,9/24/2022,9/24/2022
11,NS,9/25/2022,9/25/2022
11,NS,9/26/2022,9/29/2022
11,NS,9/30/2022,9/30/2022
11,NS,10/1/2022,10/31/2022
12,NS,10/1/2022,10/31/2022
13,MSF,10/1/2022,4/30/2023
81,NS,10/1/2022,10/9/2022
5,MSF,7/1/2023,9/30/2023
5,NS,10/1/2023,10/15/2023
6,MSF,7/1/2023,9/30/2023
6,NS,10/1/2023,10/15/2023
7,MSF,7/13/2023,7/15/2023
7,MSF,7/21/2023,7/21/2023
7,MSF,7/28/2023,7/29/2023
7,MSF,8/1/2023,8/31/2023
7,NS,9/1/2023,9/30/2023
81,NS,8/1/2023,9/30/2023
82,NS,8/1/2023,9/24/2023
9,MSF,7/13/2023,7/15/2023
9,MSF,7/20/2023,7/22/2023
9,MSF,7/27/2023,9/17/2023
9,NS,9/18/2023,9/30/2023
10,NS,6/1/2023,10/31/2023
11,NS,6/1/2023,6/4/2023
11,NS,6/8/2023,6/11/2023
11,NS,7/1/2023,7/2/2023
11,NS,7/6/2023,7/9/2023
11,NS,7/13/2023,7/14/2023
11,NS,9/1/2023,10/31/2023
12,NS,7/10/2023,10/31/2023
13,MSF,5/1/2023,10/31/2023
13,MSF,11/1/2023,12/31/2023
10,NS,2/1/2023,2/10/2023
13,MSF,1/1/2024,3/31/2024
12,NS,7/1/2024,10/31/2024
5,NS,10/1/2024,10/15/2024
6,NS,10/1/2024,10/15/2024
81,NS,10/1/2024,10/13/2024
10,NS,10/1/2024,11/15/2024
11,NS,10/1/2024,11/15/2024
5,MSF,7/1/2024,9/26/2024
5,NS,9/27/2024,9/30/2024
6,MSF,7/1/2024,9/26/2024
6,NS,9/27/2024,9/30/2024
7,MSF,7/18/2024,7/18/2024
7,MSF,7/19/2024,7/19/2024
7,MSF,7/20/2024,7/20/2024
7,MSF,7/26/2024,7/26/2024
7,MSF,8/1/2024,8/31/2024
7,NS,9/1/2024,9/29/2024
81,NS,8/1/2024,9/30/2024
82,NS,8/1/2024,9/18/2024
82,MSF,9/19/2024,9/24/2024
9,MSF,7/18/2024,7/18/2024
9,MSF,7/19/2024,7/19/2024
9,MSF,7/20/2024,7/20/2024
9,MSF,8/1/2024,9/23/2024
9,NS,9/24/2024,9/30/2024
10,NS,6/1/2024,9/30/2024
11,NS,6/1/2024,6/30/2024
11,NS,7/18/2024,7/18/2024
11,NS,7/19/2024,7/19/2024
11,NS,7/20/2024,7/20/2024
11,NS,7/25/2024,7/25/2024
11,NS,7/26/2024,7/26/2024
11,NS,7/27/2024,7/27/2024
11,NS,8/1/2024,9/30/2024
10,NS,3/1/2024,3/1/2024
10,NS,3/2/2024,3/2/2024
10,NS,3/6/2024,3/7/2024
10,NS,3/8/2024,3/8/2024
10,NS,3/9/2024,3/9/2024
10,NS,3/13/2024,3/14/2024
10,NS,3/15/2024,3/15/2024
10,NS,3/16/2024,3/16/2024
10,NS,3/20/2024,3/21/2024
10,NS,3/22/2024,3/22/2024
10,NS,3/23/2024,3/23/2024
